{"version":0,"bundler":"metro","fileMetadata":{"android":{"bundle":"_expo/static/js/android/index-480d01b27647e73ff7c10e8e5f4d258d.hbc","assets":[{"path":"assets/778ffc9fe8773a878e9c30a6304784de","ext":"png"},{"path":"assets/c79c3606a1cf168006ad3979763c7e0c","ext":"png"},{"path":"assets/02bc1fa7c0313217bde2d65ccbff40c9","ext":"png"},{"path":"assets/35ba0eaec5a4f5ed12ca16fabeae451d","ext":"png"},{"path":"assets/0a328cd9c1afd0afe8e3b1ec5165b1b4","ext":"png"},{"path":"assets/3cd68ccdb8938e3711da2e8831b85493","ext":"png"},{"path":"assets/61ca7e64b7d605716c57706cef640b9a","ext":"png"},{"path":"assets/aff2c65b39a296d4f7e96d0f58169170","ext":"png"},{"path":"assets/d8e7601e3df962f83c62371ac14964d8","ext":"png"},{"path":"assets/3cd68ccdb8938e3711da2e8831b85493","ext":"png"},{"path":"assets/0747a1317bbe9c6fc340b889ef8ab3ae","ext":"png"},{"path":"assets/d84e297c3b3e49a614248143d53e40ca","ext":"png"},{"path":"assets/1190ab078c57159f4245a328118fcd9a","ext":"png"},{"path":"assets/78c625386b4d0690b421eb0fc78f7b9c","ext":"png"},{"path":"assets/0747a1317bbe9c6fc340b889ef8ab3ae","ext":"png"},{"path":"assets/4403c6117ec30c859bc95d70ce4a71d3","ext":"png"},{"path":"assets/069d99eb1fa6712c0b9034a58c6b57dd","ext":"png"},{"path":"assets/c3273c9e5321f20d1e42c2efae2578c4","ext":"png"},{"path":"assets/286d67d3f74808a60a78d3ebf1a5fb57","ext":"png"},{"path":"assets/3f78af31cca60105799838a1a7a59fbd","ext":"ttf"},{"path":"assets/31b5ffea3daddc69dd01a1f3d6cf63c5","ext":"ttf"},{"path":"assets/140c53a7643ea949007aa9a282153849","ext":"ttf"},{"path":"assets/ca4b48e04dc1ce10bfbddb262c8b835f","ext":"ttf"},{"path":"assets/b49ae8ab2dbccb02c4d11caaacf09eab","ext":"ttf"},{"path":"assets/b06871f281fee6b241d60582ae9369b9","ext":"ttf"},{"path":"assets/1f77739ca9ff2188b539c36f30ffa2be","ext":"ttf"},{"path":"assets/605ed7926cf39a2ad5ec2d1f9d391d3d","ext":"ttf"},{"path":"assets/3b89dd103490708d19a95adcae52210e","ext":"ttf"},{"path":"assets/370dd5af19f8364907b6e2c41f45dbbf","ext":"ttf"},{"path":"assets/adec7d6f310bc577f05e8fe06a5daccf","ext":"ttf"},{"path":"assets/56c8d80832e37783f12c05db7c8849e2","ext":"ttf"},{"path":"assets/e20945d7c929279ef7a6f1db184a4470","ext":"ttf"},{"path":"assets/b4eb097d35f44ed943676fd56f6bdc51","ext":"ttf"},{"path":"assets/6e435534bd35da5fef04168860a9b8fa","ext":"ttf"},{"path":"assets/4e85bc9ebe07e0340c9c4fc2f6c38908","ext":"ttf"},{"path":"assets/871378c6eab492a3e689a9385dc45a12","ext":"ttf"},{"path":"assets/d2285965fe34b05465047401b8595dd0","ext":"ttf"},{"path":"assets/1681f34aaca71b8dfb70756bca331eb2","ext":"ttf"}]}}}